env	tree	status	ram	ram_max	flash	flash_max	d_ram	d_flash	flash_free	flash_free_pct
esp32-safeboot	base	SUCCESS	93644	327680	715759	3403776	0	0	2688017	78.97
esp32-safeboot	pr1	SUCCESS	93644	327680	715759	3403776	0	0	2688017	78.97
esp32-safeboot	pr2	SUCCESS	93644	327680	715759	3403776	0	0	2688017	78.97
esp32-safeboot	pr3	SUCCESS	93644	327680	715759	3403776	0	0	2688017	78.97
esp32-safeboot	pr12	SUCCESS	93644	327680	715759	3403776	0	0	2688017	78.97
esp32-safeboot	merge	SUCCESS	93644	327680	715759	3403776	0	0	2688017	78.97
esp32-S3-safeboot	base	SUCCESS	88924	327680	676639	3403776	0	0	2727137	80.12
esp32-S3-safeboot	pr1	SUCCESS	88924	327680	676639	3403776	0	0	2727137	80.12
esp32-S3-safeboot	pr2	SUCCESS	88924	327680	676639	3403776	0	0	2727137	80.12
esp32-S3-safeboot	pr3	SUCCESS	88924	327680	676639	3403776	0	0	2727137	80.12
esp32-S3-safeboot	pr12	SUCCESS	88924	327680	676639	3403776	0	0	2727137	80.12
esp32-S3-safeboot	merge	SUCCESS	88924	327680	676639	3403776	0	0	2727137	80.12
E22-DevKitC	base	SUCCESS	101864	532480	1582705	3403776	0	0	1821071	53.50
E22-DevKitC	pr1	SUCCESS	101872	532480	1582857	3403776	8	152	1820919	53.50
E22-DevKitC	pr2	SUCCESS	101864	532480	1582749	3403776	0	44	1821027	53.50
E22-DevKitC	pr3	SUCCESS	101864	532480	1582725	3403776	0	20	1821051	53.50
E22-DevKitC	pr12	SUCCESS	101872	532480	1582913	3403776	8	208	1820863	53.50
E22-DevKitC	merge	SUCCESS	101872	532480	1582897	3403776	8	192	1820879	53.50
E22_1262-DevKitC	base	SUCCESS	101864	532480	1582817	3403776	0	0	1820959	53.50
E22_1262-DevKitC	pr1	SUCCESS	101872	532480	1582985	3403776	8	168	1820791	53.49
E22_1262-DevKitC	pr2	SUCCESS	101864	532480	1582853	3403776	0	36	1820923	53.50
E22_1262-DevKitC	pr3	SUCCESS	101864	532480	1582833	3403776	0	16	1820943	53.50
E22_1262-DevKitC	pr12	SUCCESS	101872	532480	1583021	3403776	8	204	1820755	53.49
E22_1262-DevKitC	merge	SUCCESS	101872	532480	1583001	3403776	8	184	1820775	53.49
E22_1262_S3-DevKitC-1-N16R8	base	SUCCESS	106676	327680	1485753	3403776	0	0	1918023	56.35
E22_1262_S3-DevKitC-1-N16R8	pr1	SUCCESS	106676	327680	1485961	3403776	0	208	1917815	56.34
E22_1262_S3-DevKitC-1-N16R8	pr2	SUCCESS	106676	327680	1485769	3403776	0	16	1918007	56.35
E22_1262_S3-DevKitC-1-N16R8	pr3	SUCCESS	106676	327680	1485741	3403776	0	-12	1918035	56.35
E22_1262_S3-DevKitC-1-N16R8	pr12	SUCCESS	106676	327680	1485989	3403776	0	236	1917787	56.34
E22_1262_S3-DevKitC-1-N16R8	merge	SUCCESS	106676	327680	1486005	3403776	0	252	1917771	56.34
E22_1268_S3-DevKitC-1-N16R8	base	SUCCESS	106676	327680	1485709	3403776	0	0	1918067	56.35
E22_1268_S3-DevKitC-1-N16R8	pr1	SUCCESS	106676	327680	1485909	3403776	0	200	1917867	56.35
E22_1268_S3-DevKitC-1-N16R8	pr2	SUCCESS	106676	327680	1485721	3403776	0	12	1918055	56.35
E22_1268_S3-DevKitC-1-N16R8	pr3	SUCCESS	106676	327680	1485693	3403776	0	-16	1918083	56.35
E22_1268_S3-DevKitC-1-N16R8	pr12	SUCCESS	106676	327680	1485957	3403776	0	248	1917819	56.34
E22_1268_S3-DevKitC-1-N16R8	merge	SUCCESS	106676	327680	1485941	3403776	0	232	1917835	56.34
E22_XML-DevKitC	base	SUCCESS	110928	532480	1789925	3403776	0	0	1613851	47.41
E22_XML-DevKitC	pr1	SUCCESS	110928	532480	1790185	3403776	0	260	1613591	47.41
E22_XML-DevKitC	pr2	SUCCESS	110928	532480	1790001	3403776	0	76	1613775	47.41
E22_XML-DevKitC	pr3	SUCCESS	110928	532480	1789925	3403776	0	0	1613851	47.41
E22_XML-DevKitC	pr12	SUCCESS	110928	532480	1790281	3403776	0	356	1613495	47.40
E22_XML-DevKitC	merge	SUCCESS	110928	532480	1790281	3403776	0	356	1613495	47.40
LilyGo_T-Beam-1W	base	SUCCESS	106588	532480	1489949	3403776	0	0	1913827	56.23
LilyGo_T-Beam-1W	pr1	SUCCESS	106596	532480	1490169	3403776	8	220	1913607	56.22
LilyGo_T-Beam-1W	pr2	SUCCESS	106588	532480	1489981	3403776	0	32	1913795	56.23
LilyGo_T-Beam-1W	pr3	SUCCESS	106588	532480	1489949	3403776	0	0	1913827	56.23
LilyGo_T-Beam-1W	pr12	SUCCESS	106596	532480	1490217	3403776	8	268	1913559	56.22
LilyGo_T-Beam-1W	merge	SUCCESS	106596	532480	1490221	3403776	8	272	1913555	56.22
LilyGo_T3_S3_V1_3	base	SUCCESS	106648	327680	1485909	3403776	0	0	1917867	56.35
LilyGo_T3_S3_V1_3	pr1	SUCCESS	106656	327680	1486129	3403776	8	220	1917647	56.34
LilyGo_T3_S3_V1_3	pr2	SUCCESS	106648	327680	1485949	3403776	0	40	1917827	56.34
LilyGo_T3_S3_V1_3	pr3	SUCCESS	106648	327680	1485913	3403776	0	4	1917863	56.35
LilyGo_T3_S3_V1_3	pr12	SUCCESS	106656	327680	1486185	3403776	8	276	1917591	56.34
LilyGo_T3_S3_V1_3	merge	SUCCESS	106656	327680	1486189	3403776	8	280	1917587	56.34
LilyGo_T_Connect_Pro	base	SUCCESS	107156	327680	1547577	3403776	0	0	1856199	54.53
LilyGo_T_Connect_Pro	pr1	SUCCESS	107164	327680	1547817	3403776	8	240	1855959	54.53
LilyGo_T_Connect_Pro	pr2	SUCCESS	107156	327680	1547625	3403776	0	48	1856151	54.53
LilyGo_T_Connect_Pro	pr3	SUCCESS	107156	327680	1547589	3403776	0	12	1856187	54.53
LilyGo_T_Connect_Pro	pr12	SUCCESS	107164	327680	1547865	3403776	8	288	1855911	54.53
LilyGo_T_Connect_Pro	merge	SUCCESS	107164	327680	1547877	3403776	8	300	1855899	54.52
T-ETH-ELITE_1262	base	SUCCESS	108180	327680	1513629	3403776	0	0	1890147	55.53
T-ETH-ELITE_1262	pr1	SUCCESS	108180	327680	1513893	3403776	0	264	1889883	55.52
T-ETH-ELITE_1262	pr2	SUCCESS	108180	327680	1513701	3403776	0	72	1890075	55.53
T-ETH-ELITE_1262	pr3	SUCCESS	108180	327680	1513657	3403776	0	28	1890119	55.53
T-ETH-ELITE_1262	pr12	SUCCESS	108180	327680	1513929	3403776	0	300	1889847	55.52
T-ETH-ELITE_1262	merge	SUCCESS	108180	327680	1513921	3403776	0	292	1889855	55.52
esp32-loraprs-e22	base	SUCCESS	101752	532480	1582493	3403776	0	0	1821283	53.51
esp32-loraprs-e22	pr1	SUCCESS	101760	532480	1582609	3403776	8	116	1821167	53.50
esp32-loraprs-e22	pr2	SUCCESS	101752	532480	1582553	3403776	0	60	1821223	53.51
esp32-loraprs-e22	pr3	SUCCESS	101752	532480	1582505	3403776	0	12	1821271	53.51
esp32-loraprs-e22	pr12	SUCCESS	101760	532480	1582645	3403776	8	152	1821131	53.50
esp32-loraprs-e22	merge	SUCCESS	101760	532480	1582645	3403776	8	152	1821131	53.50
esp32-loraprs-ra01	base	SUCCESS	102704	532480	1571433	3403776	0	0	1832343	53.83
esp32-loraprs-ra01	pr1	SUCCESS	102704	532480	1571625	3403776	0	192	1832151	53.83
esp32-loraprs-ra01	pr2	SUCCESS	102704	532480	1571465	3403776	0	32	1832311	53.83
esp32-loraprs-ra01	pr3	SUCCESS	102704	532480	1571433	3403776	0	0	1832343	53.83
esp32-loraprs-ra01	pr12	SUCCESS	102704	532480	1571673	3403776	0	240	1832103	53.83
esp32-loraprs-ra01	merge	SUCCESS	102704	532480	1571673	3403776	0	240	1832103	53.83
heltec_t114	base	SUCCESS	76836	235520	596664	815104	0	0	218440	26.80
heltec_t114	pr1	SUCCESS	76836	235520	596680	815104	0	16	218424	26.80
heltec_t114	pr2	SUCCESS	76836	235520	597096	815104	0	432	218008	26.75
heltec_t114	pr3	SUCCESS	76836	235520	596664	815104	0	0	218440	26.80
heltec_t114	pr12	SUCCESS	76836	235520	597112	815104	0	448	217992	26.74
heltec_t114	merge	SUCCESS	76836	235520	597112	815104	0	448	217992	26.74
heltec_wifi_lora_32_V2	base	SUCCESS	101568	327680	1573593	3403776	0	0	1830183	53.77
heltec_wifi_lora_32_V2	pr1	SUCCESS	101576	327680	1573821	3403776	8	228	1829955	53.76
heltec_wifi_lora_32_V2	pr2	SUCCESS	101568	327680	1573617	3403776	0	24	1830159	53.77
heltec_wifi_lora_32_V2	pr3	SUCCESS	101568	327680	1573589	3403776	0	-4	1830187	53.77
heltec_wifi_lora_32_V2	pr12	SUCCESS	101576	327680	1573837	3403776	8	244	1829939	53.76
heltec_wifi_lora_32_V2	merge	SUCCESS	101576	327680	1573861	3403776	8	268	1829915	53.76
heltec_wifi_lora_32_V3	base	SUCCESS	107148	327680	1468797	3403776	0	0	1934979	56.85
heltec_wifi_lora_32_V3	pr1	SUCCESS	107148	327680	1469041	3403776	0	244	1934735	56.84
heltec_wifi_lora_32_V3	pr2	SUCCESS	107148	327680	1468825	3403776	0	28	1934951	56.85
heltec_wifi_lora_32_V3	pr3	SUCCESS	107148	327680	1468801	3403776	0	4	1934975	56.85
heltec_wifi_lora_32_V3	pr12	SUCCESS	107148	327680	1469069	3403776	0	272	1934707	56.84
heltec_wifi_lora_32_V3	merge	SUCCESS	107148	327680	1469065	3403776	0	268	1934711	56.84
heltec_wifi_lora_32_V4	base	SUCCESS	107284	327680	1468681	3403776	0	0	1935095	56.85
heltec_wifi_lora_32_V4	pr1	SUCCESS	107284	327680	1468865	3403776	0	184	1934911	56.85
heltec_wifi_lora_32_V4	pr2	SUCCESS	107284	327680	1468693	3403776	0	12	1935083	56.85
heltec_wifi_lora_32_V4	pr3	SUCCESS	107284	327680	1468681	3403776	0	0	1935095	56.85
heltec_wifi_lora_32_V4	pr12	SUCCESS	107284	327680	1468893	3403776	0	212	1934883	56.85
heltec_wifi_lora_32_V4	merge	SUCCESS	107284	327680	1468909	3403776	0	228	1934867	56.84
heltec_wireless_stick	base	SUCCESS	107148	327680	1465697	3403776	0	0	1938079	56.94
heltec_wireless_stick	pr1	SUCCESS	107148	327680	1465917	3403776	0	220	1937859	56.93
heltec_wireless_stick	pr2	SUCCESS	107148	327680	1465717	3403776	0	20	1938059	56.94
heltec_wireless_stick	pr3	SUCCESS	107148	327680	1465681	3403776	0	-16	1938095	56.94
heltec_wireless_stick	pr12	SUCCESS	107148	327680	1465925	3403776	0	228	1937851	56.93
heltec_wireless_stick	merge	SUCCESS	107148	327680	1465921	3403776	0	224	1937855	56.93
heltec_wireless_tracker	base	SUCCESS	106428	327680	1492945	3403776	0	0	1910831	56.14
heltec_wireless_tracker	pr1	SUCCESS	106436	327680	1493161	3403776	8	216	1910615	56.13
heltec_wireless_tracker	pr2	SUCCESS	106428	327680	1492989	3403776	0	44	1910787	56.14
heltec_wireless_tracker	pr3	SUCCESS	106428	327680	1492949	3403776	0	4	1910827	56.14
heltec_wireless_tracker	pr12	SUCCESS	106436	327680	1493197	3403776	8	252	1910579	56.13
heltec_wireless_tracker	merge	SUCCESS	106436	327680	1493197	3403776	8	252	1910579	56.13
t_deck	base	SUCCESS	126084	327680	2196125	12582912	0	0	10386787	82.55
t_deck	pr1	SUCCESS	126084	327680	2196517	12582912	0	392	10386395	82.54
t_deck	pr2	SUCCESS	126084	327680	2196189	12582912	0	64	10386723	82.55
t_deck	pr3	SUCCESS	126084	327680	2196125	12582912	0	0	10386787	82.55
t_deck	pr12	SUCCESS	126084	327680	2196473	12582912	0	348	10386439	82.54
t_deck	merge	SUCCESS	126084	327680	2196481	12582912	0	356	10386431	82.54
t_deck_plus	base	SUCCESS	126084	327680	2195841	12582912	0	0	10387071	82.55
t_deck_plus	pr1	SUCCESS	126084	327680	2196229	12582912	0	388	10386683	82.55
t_deck_plus	pr2	SUCCESS	126084	327680	2195909	12582912	0	68	10387003	82.55
t_deck_plus	pr3	SUCCESS	126084	327680	2195825	12582912	0	-16	10387087	82.55
t_deck_plus	pr12	SUCCESS	126084	327680	2196193	12582912	0	352	10386719	82.55
t_deck_plus	merge	SUCCESS	126084	327680	2196193	12582912	0	352	10386719	82.55
t_deck_pro	base	SUCCESS	182144	327680	2009145	6553600	0	0	4544455	69.34
t_deck_pro	pr1	SUCCESS	182152	327680	2009497	6553600	8	352	4544103	69.34
t_deck_pro	pr2	SUCCESS	182144	327680	2009205	6553600	0	60	4544395	69.34
t_deck_pro	pr3	SUCCESS	182144	327680	2009145	6553600	0	0	4544455	69.34
t_deck_pro	pr12	SUCCESS	182152	327680	2009457	6553600	8	312	4544143	69.34
t_deck_pro	merge	SUCCESS	182152	327680	2009457	6553600	8	312	4544143	69.34
t_echo	base	SUCCESS	82772	248832	626204	815104	0	0	188900	23.17
t_echo	pr1	SUCCESS	82772	248832	626220	815104	0	16	188884	23.17
t_echo	pr2	SUCCESS	82772	248832	626308	815104	0	104	188796	23.16
t_echo	pr3	SUCCESS	82772	248832	626204	815104	0	0	188900	23.17
t_echo	pr12	SUCCESS	82772	248832	626316	815104	0	112	188788	23.16
t_echo	merge	SUCCESS	82772	248832	626316	815104	0	112	188788	23.16
ttgo-lora32-v21	base	SUCCESS	101632	327680	1571557	3403776	0	0	1832219	53.83
ttgo-lora32-v21	pr1	SUCCESS	101632	327680	1571773	3403776	0	216	1832003	53.82
ttgo-lora32-v21	pr2	SUCCESS	101632	327680	1571585	3403776	0	28	1832191	53.83
ttgo-lora32-v21	pr3	SUCCESS	101632	327680	1571557	3403776	0	0	1832219	53.83
ttgo-lora32-v21	pr12	SUCCESS	101632	327680	1571817	3403776	0	260	1831959	53.82
ttgo-lora32-v21	merge	SUCCESS	101632	327680	1571817	3403776	0	260	1831959	53.82
ttgo_tbeam	base	SUCCESS	103008	1310720	1636961	3403776	0	0	1766815	51.91
ttgo_tbeam	pr1	SUCCESS	103016	1310720	1637213	3403776	8	252	1766563	51.90
ttgo_tbeam	pr2	SUCCESS	103008	1310720	1637009	3403776	0	48	1766767	51.91
ttgo_tbeam	pr3	SUCCESS	103008	1310720	1636945	3403776	0	-16	1766831	51.91
ttgo_tbeam	pr12	SUCCESS	103016	1310720	1637277	3403776	8	316	1766499	51.90
ttgo_tbeam	merge	SUCCESS	103016	1310720	1637261	3403776	8	300	1766515	51.90
ttgo_tbeam_SX1262	base	SUCCESS	103136	1310720	1645917	3403776	0	0	1757859	51.64
ttgo_tbeam_SX1262	pr1	SUCCESS	103136	1310720	1646157	3403776	0	240	1757619	51.64
ttgo_tbeam_SX1262	pr2	SUCCESS	103136	1310720	1645989	3403776	0	72	1757787	51.64
ttgo_tbeam_SX1262	pr3	SUCCESS	103136	1310720	1645933	3403776	0	16	1757843	51.64
ttgo_tbeam_SX1262	pr12	SUCCESS	103136	1310720	1646201	3403776	0	284	1757575	51.64
ttgo_tbeam_SX1262	merge	SUCCESS	103136	1310720	1646213	3403776	0	296	1757563	51.64
ttgo_tbeam_SX1268	base	SUCCESS	103128	1310720	1645545	3403776	0	0	1758231	51.66
ttgo_tbeam_SX1268	pr1	SUCCESS	103136	1310720	1645861	3403776	8	316	1757915	51.65
ttgo_tbeam_SX1268	pr2	SUCCESS	103128	1310720	1645605	3403776	0	60	1758171	51.65
ttgo_tbeam_SX1268	pr3	SUCCESS	103128	1310720	1645553	3403776	0	8	1758223	51.66
ttgo_tbeam_SX1268	pr12	SUCCESS	103136	1310720	1645901	3403776	8	356	1757875	51.64
ttgo_tbeam_SX1268	merge	SUCCESS	103136	1310720	1645909	3403776	8	364	1757867	51.64
ttgo_tbeam_supreme	base	SUCCESS	107476	327680	1504205	3403776	0	0	1899571	55.81
ttgo_tbeam_supreme	pr1	SUCCESS	107484	327680	1504449	3403776	8	244	1899327	55.80
ttgo_tbeam_supreme	pr2	SUCCESS	107476	327680	1504237	3403776	0	32	1899539	55.81
ttgo_tbeam_supreme	pr3	SUCCESS	107476	327680	1504209	3403776	0	4	1899567	55.81
ttgo_tbeam_supreme	pr12	SUCCESS	107484	327680	1504489	3403776	8	284	1899287	55.80
ttgo_tbeam_supreme	merge	SUCCESS	107484	327680	1504489	3403776	8	284	1899287	55.80
vision-master-e213	base	SUCCESS	108268	327680	1462649	3403776	0	0	1941127	57.03
vision-master-e213	pr1	SUCCESS	108276	327680	1462905	3403776	8	256	1940871	57.02
vision-master-e213	pr2	SUCCESS	108268	327680	1462829	3403776	0	180	1940947	57.02
vision-master-e213	pr3	SUCCESS	108268	327680	1462645	3403776	0	-4	1941131	57.03
vision-master-e213	pr12	SUCCESS	108276	327680	1463089	3403776	8	440	1940687	57.02
vision-master-e213	merge	SUCCESS	108276	327680	1463089	3403776	8	440	1940687	57.02
vision-master-e290	base	SUCCESS	110220	327680	1507201	3403776	0	0	1896575	55.72
vision-master-e290	pr1	SUCCESS	110220	327680	1507465	3403776	0	264	1896311	55.71
vision-master-e290	pr2	SUCCESS	110220	327680	1507301	3403776	0	100	1896475	55.72
vision-master-e290	pr3	SUCCESS	110220	327680	1507201	3403776	0	0	1896575	55.72
vision-master-e290	pr12	SUCCESS	110220	327680	1507553	3403776	0	352	1896223	55.71
vision-master-e290	merge	SUCCESS	110220	327680	1507557	3403776	0	356	1896219	55.71
wireless-paper	base	SUCCESS	107908	327680	1447221	3403776	0	0	1956555	57.48
wireless-paper	pr1	SUCCESS	107908	327680	1447345	3403776	0	124	1956431	57.48
wireless-paper	pr2	SUCCESS	107908	327680	1447329	3403776	0	108	1956447	57.48
wireless-paper	pr3	SUCCESS	107908	327680	1447205	3403776	0	-16	1956571	57.48
wireless-paper	pr12	SUCCESS	107908	327680	1447405	3403776	0	184	1956371	57.48
wireless-paper	merge	SUCCESS	107908	327680	1447405	3403776	0	184	1956371	57.48
wiscore_rak4631	base	SUCCESS	77516	248832	668888	815104	0	0	146216	17.94
wiscore_rak4631	pr1	SUCCESS	77516	248832	668888	815104	0	0	146216	17.94
wiscore_rak4631	pr2	SUCCESS	77516	248832	668888	815104	0	0	146216	17.94
wiscore_rak4631	pr3	SUCCESS	77516	248832	668872	815104	0	-16	146232	17.94
wiscore_rak4631	pr12	SUCCESS	77516	248832	668904	815104	0	16	146200	17.94
wiscore_rak4631	merge	SUCCESS	77516	248832	668920	815104	0	32	146184	17.93
